Threshold,Risk_Precision,Risk_Recall,Risk_F1,Risk_Specificity,Risk_Accuracy,False_Alarms,False_Alarms_per_minute,seed,Model,Model_Backend
0.1,0.22932651321398123,1.0,0.37309292649098474,0.02900107411385607,0.24666666666666667,5424.0,452.0,47,Kinetic-TopoGuard,scikit_learn
0.2,0.39994984954864593,0.9882280049566295,0.5694394858978936,0.5716075904045829,0.665,2393.0,199.41666666666666,47,Kinetic-TopoGuard,scikit_learn
0.3,0.49966442953020135,0.9225526641883519,0.6482368306486722,0.7330827067669173,0.7755555555555556,1491.0,124.25,47,Kinetic-TopoGuard,scikit_learn
0.4,0.6024873330262552,0.8104089219330854,0.6911492734478203,0.8455066237021124,0.8376388888888889,863.0,71.91666666666667,47,Kinetic-TopoGuard,scikit_learn
0.5,0.7058823529411765,0.6914498141263941,0.6985915492957747,0.9167561761546724,0.86625,465.0,38.75,47,Kinetic-TopoGuard,scikit_learn
0.6,0.8040600176522507,0.5644361833952912,0.663269020749909,0.9602577873254565,0.8715277777777778,222.0,18.5,47,Kinetic-TopoGuard,scikit_learn
0.7,0.8784722222222222,0.47026022304832715,0.612590799031477,0.981203007518797,0.8666666666666667,105.0,8.75,47,Kinetic-TopoGuard,scikit_learn
0.8,0.9333333333333333,0.31226765799256506,0.467966573816156,0.9935553168635876,0.8408333333333333,36.0,3.0,47,Kinetic-TopoGuard,scikit_learn
0.9,0.958904109589041,0.08674101610904585,0.1590909090909091,0.9989258861439313,0.7944444444444444,6.0,0.5,47,Kinetic-TopoGuard,scikit_learn
0.1,0.3087195600942655,0.9739776951672863,0.46883388010736654,0.3698532044396706,0.5052777777777778,3520.0,293.3333333333333,47,GCN,pytorch
0.2,0.3087195600942655,0.9739776951672863,0.46883388010736654,0.3698532044396706,0.5052777777777778,3520.0,293.3333333333333,47,GCN,pytorch
0.3,0.3087195600942655,0.9739776951672863,0.46883388010736654,0.3698532044396706,0.5052777777777778,3520.0,293.3333333333333,47,GCN,pytorch
0.4,0.3087195600942655,0.9739776951672863,0.46883388010736654,0.3698532044396706,0.5052777777777778,3520.0,293.3333333333333,47,GCN,pytorch
0.5,0.3087195600942655,0.9739776951672863,0.46883388010736654,0.3698532044396706,0.5052777777777778,3520.0,293.3333333333333,47,GCN,pytorch
0.6,0.3087195600942655,0.9739776951672863,0.46883388010736654,0.3698532044396706,0.5052777777777778,3520.0,293.3333333333333,47,GCN,pytorch
0.7,0.3087195600942655,0.9739776951672863,0.46883388010736654,0.3698532044396706,0.5052777777777778,3520.0,293.3333333333333,47,GCN,pytorch
0.8,0.3087195600942655,0.9739776951672863,0.46883388010736654,0.3698532044396706,0.5052777777777778,3520.0,293.3333333333333,47,GCN,pytorch
0.9,0.3087195600942655,0.9739776951672863,0.46883388010736654,0.3698532044396706,0.5052777777777778,3520.0,293.3333333333333,47,GCN,pytorch
0.1,0.33513163573586535,0.9622057001239157,0.4971190781049936,0.44844253490870034,0.5636111111111111,3081.0,256.75,47,GAT,pytorch
0.2,0.33513163573586535,0.9622057001239157,0.4971190781049936,0.44844253490870034,0.5636111111111111,3081.0,256.75,47,GAT,pytorch
0.3,0.33513163573586535,0.9622057001239157,0.4971190781049936,0.44844253490870034,0.5636111111111111,3081.0,256.75,47,GAT,pytorch
0.4,0.33513163573586535,0.9622057001239157,0.4971190781049936,0.44844253490870034,0.5636111111111111,3081.0,256.75,47,GAT,pytorch
0.5,0.33513163573586535,0.9622057001239157,0.4971190781049936,0.44844253490870034,0.5636111111111111,3081.0,256.75,47,GAT,pytorch
0.6,0.33513163573586535,0.9622057001239157,0.4971190781049936,0.44844253490870034,0.5636111111111111,3081.0,256.75,47,GAT,pytorch
0.7,0.33513163573586535,0.9622057001239157,0.4971190781049936,0.44844253490870034,0.5636111111111111,3081.0,256.75,47,GAT,pytorch
0.8,0.33513163573586535,0.9622057001239157,0.4971190781049936,0.44844253490870034,0.5636111111111111,3081.0,256.75,47,GAT,pytorch
0.9,0.33513163573586535,0.9622057001239157,0.4971190781049936,0.44844253490870034,0.5636111111111111,3081.0,256.75,47,GAT,pytorch
0.1,0.3239349660423956,0.9752168525402726,0.48632782326587365,0.41192266380236303,0.5381944444444444,3285.0,273.75,47,GraphSAGE,pytorch
0.2,0.3239349660423956,0.9752168525402726,0.48632782326587365,0.41192266380236303,0.5381944444444444,3285.0,273.75,47,GraphSAGE,pytorch
0.3,0.3239349660423956,0.9752168525402726,0.48632782326587365,0.41192266380236303,0.5381944444444444,3285.0,273.75,47,GraphSAGE,pytorch
0.4,0.3239349660423956,0.9752168525402726,0.48632782326587365,0.41192266380236303,0.5381944444444444,3285.0,273.75,47,GraphSAGE,pytorch
0.5,0.3239349660423956,0.9752168525402726,0.48632782326587365,0.41192266380236303,0.5381944444444444,3285.0,273.75,47,GraphSAGE,pytorch
0.6,0.3239349660423956,0.9752168525402726,0.48632782326587365,0.41192266380236303,0.5381944444444444,3285.0,273.75,47,GraphSAGE,pytorch
0.7,0.3239349660423956,0.9752168525402726,0.48632782326587365,0.41192266380236303,0.5381944444444444,3285.0,273.75,47,GraphSAGE,pytorch
0.8,0.3239349660423956,0.9752168525402726,0.48632782326587365,0.41192266380236303,0.5381944444444444,3285.0,273.75,47,GraphSAGE,pytorch
0.9,0.3239349660423956,0.9752168525402726,0.48632782326587365,0.41192266380236303,0.5381944444444444,3285.0,273.75,47,GraphSAGE,pytorch
0.1,0.22438752783964366,0.9987608426270136,0.3664469197544897,0.002506265664160401,0.22583333333333333,5572.0,464.3333333333333,47,PI+MLP,pytorch
0.2,0.22438752783964366,0.9987608426270136,0.3664469197544897,0.002506265664160401,0.22583333333333333,5572.0,464.3333333333333,47,PI+MLP,pytorch
0.3,0.22438752783964366,0.9987608426270136,0.3664469197544897,0.002506265664160401,0.22583333333333333,5572.0,464.3333333333333,47,PI+MLP,pytorch
0.4,0.22438752783964366,0.9987608426270136,0.3664469197544897,0.002506265664160401,0.22583333333333333,5572.0,464.3333333333333,47,PI+MLP,pytorch
0.5,0.22438752783964366,0.9987608426270136,0.3664469197544897,0.002506265664160401,0.22583333333333333,5572.0,464.3333333333333,47,PI+MLP,pytorch
0.6,0.22438752783964366,0.9987608426270136,0.3664469197544897,0.002506265664160401,0.22583333333333333,5572.0,464.3333333333333,47,PI+MLP,pytorch
0.7,0.22438752783964366,0.9987608426270136,0.3664469197544897,0.002506265664160401,0.22583333333333333,5572.0,464.3333333333333,47,PI+MLP,pytorch
0.8,0.22438752783964366,0.9987608426270136,0.3664469197544897,0.002506265664160401,0.22583333333333333,5572.0,464.3333333333333,47,PI+MLP,pytorch
0.9,0.22438752783964366,0.9987608426270136,0.3664469197544897,0.002506265664160401,0.22583333333333333,5572.0,464.3333333333333,47,PI+MLP,pytorch
0.1,0.2755662319835278,0.9950433705080545,0.43160440741736095,0.24418188327962764,0.4125,4222.0,351.8333333333333,47,FANET-TopoGNN,pytorch
0.2,0.2755662319835278,0.9950433705080545,0.43160440741736095,0.24418188327962764,0.4125,4222.0,351.8333333333333,47,FANET-TopoGNN,pytorch
0.3,0.2755662319835278,0.9950433705080545,0.43160440741736095,0.24418188327962764,0.4125,4222.0,351.8333333333333,47,FANET-TopoGNN,pytorch
0.4,0.2755662319835278,0.9950433705080545,0.43160440741736095,0.24418188327962764,0.4125,4222.0,351.8333333333333,47,FANET-TopoGNN,pytorch
0.5,0.2755662319835278,0.9950433705080545,0.43160440741736095,0.24418188327962764,0.4125,4222.0,351.8333333333333,47,FANET-TopoGNN,pytorch
0.6,0.2755662319835278,0.9950433705080545,0.43160440741736095,0.24418188327962764,0.4125,4222.0,351.8333333333333,47,FANET-TopoGNN,pytorch
0.7,0.2755662319835278,0.9950433705080545,0.43160440741736095,0.24418188327962764,0.4125,4222.0,351.8333333333333,47,FANET-TopoGNN,pytorch
0.8,0.2755662319835278,0.9950433705080545,0.43160440741736095,0.24418188327962764,0.4125,4222.0,351.8333333333333,47,FANET-TopoGNN,pytorch
0.9,0.2755662319835278,0.9950433705080545,0.43160440741736095,0.24418188327962764,0.4125,4222.0,351.8333333333333,47,FANET-TopoGNN,pytorch
0.1,0.266468548786528,1.0,0.4208056315995307,0.2046186895810956,0.3829166666666667,4443.0,370.25,47,FANET-TopoGNN (concat),pytorch
0.2,0.266468548786528,1.0,0.4208056315995307,0.2046186895810956,0.3829166666666667,4443.0,370.25,47,FANET-TopoGNN (concat),pytorch
0.3,0.266468548786528,1.0,0.4208056315995307,0.2046186895810956,0.3829166666666667,4443.0,370.25,47,FANET-TopoGNN (concat),pytorch
0.4,0.266468548786528,1.0,0.4208056315995307,0.2046186895810956,0.3829166666666667,4443.0,370.25,47,FANET-TopoGNN (concat),pytorch
0.5,0.266468548786528,1.0,0.4208056315995307,0.2046186895810956,0.3829166666666667,4443.0,370.25,47,FANET-TopoGNN (concat),pytorch
0.6,0.266468548786528,1.0,0.4208056315995307,0.2046186895810956,0.3829166666666667,4443.0,370.25,47,FANET-TopoGNN (concat),pytorch
0.7,0.266468548786528,1.0,0.4208056315995307,0.2046186895810956,0.3829166666666667,4443.0,370.25,47,FANET-TopoGNN (concat),pytorch
0.8,0.266468548786528,1.0,0.4208056315995307,0.2046186895810956,0.3829166666666667,4443.0,370.25,47,FANET-TopoGNN (concat),pytorch
0.9,0.266468548786528,1.0,0.4208056315995307,0.2046186895810956,0.3829166666666667,4443.0,370.25,47,FANET-TopoGNN (concat),pytorch
0.1,0.25930807248764415,0.9993650793650793,0.41177240026160894,0.17971173143586935,0.36267006802721086,4496.0,382.312925170068,47,tgcn:5,pytorch
0.2,0.25930807248764415,0.9993650793650793,0.41177240026160894,0.17971173143586935,0.36267006802721086,4496.0,382.312925170068,47,tgcn:5,pytorch
0.3,0.25930807248764415,0.9993650793650793,0.41177240026160894,0.17971173143586935,0.36267006802721086,4496.0,382.312925170068,47,tgcn:5,pytorch
0.4,0.25930807248764415,0.9993650793650793,0.41177240026160894,0.17971173143586935,0.36267006802721086,4496.0,382.312925170068,47,tgcn:5,pytorch
0.5,0.25930807248764415,0.9993650793650793,0.41177240026160894,0.17971173143586935,0.36267006802721086,4496.0,382.312925170068,47,tgcn:5,pytorch
0.6,0.25930807248764415,0.9993650793650793,0.41177240026160894,0.17971173143586935,0.36267006802721086,4496.0,382.312925170068,47,tgcn:5,pytorch
0.7,0.25930807248764415,0.9993650793650793,0.41177240026160894,0.17971173143586935,0.36267006802721086,4496.0,382.312925170068,47,tgcn:5,pytorch
0.8,0.25930807248764415,0.9993650793650793,0.41177240026160894,0.17971173143586935,0.36267006802721086,4496.0,382.312925170068,47,tgcn:5,pytorch
0.9,0.25930807248764415,0.9993650793650793,0.41177240026160894,0.17971173143586935,0.36267006802721086,4496.0,382.312925170068,47,tgcn:5,pytorch
0.1,0.3022489336952307,0.9898412698412699,0.46309223228872715,0.34336799854041233,0.48767006802721086,3599.0,306.0374149659864,47,stgcn:5,pytorch
0.2,0.3022489336952307,0.9898412698412699,0.46309223228872715,0.34336799854041233,0.48767006802721086,3599.0,306.0374149659864,47,stgcn:5,pytorch
0.3,0.3022489336952307,0.9898412698412699,0.46309223228872715,0.34336799854041233,0.48767006802721086,3599.0,306.0374149659864,47,stgcn:5,pytorch
0.4,0.3022489336952307,0.9898412698412699,0.46309223228872715,0.34336799854041233,0.48767006802721086,3599.0,306.0374149659864,47,stgcn:5,pytorch
0.5,0.3022489336952307,0.9898412698412699,0.46309223228872715,0.34336799854041233,0.48767006802721086,3599.0,306.0374149659864,47,stgcn:5,pytorch
0.6,0.3022489336952307,0.9898412698412699,0.46309223228872715,0.34336799854041233,0.48767006802721086,3599.0,306.0374149659864,47,stgcn:5,pytorch
0.7,0.3022489336952307,0.9898412698412699,0.46309223228872715,0.34336799854041233,0.48767006802721086,3599.0,306.0374149659864,47,stgcn:5,pytorch
0.8,0.3022489336952307,0.9898412698412699,0.46309223228872715,0.34336799854041233,0.48767006802721086,3599.0,306.0374149659864,47,stgcn:5,pytorch
0.9,0.3022489336952307,0.9898412698412699,0.46309223228872715,0.34336799854041233,0.48767006802721086,3599.0,306.0374149659864,47,stgcn:5,pytorch
0.1,0.29330598545590153,0.9987301587301587,0.4534447967714038,0.3085203430031016,0.46258503401360546,3790.0,322.27891156462584,47,tgn:5,pytorch
0.2,0.29330598545590153,0.9987301587301587,0.4534447967714038,0.3085203430031016,0.46258503401360546,3790.0,322.27891156462584,47,tgn:5,pytorch
0.3,0.29330598545590153,0.9987301587301587,0.4534447967714038,0.3085203430031016,0.46258503401360546,3790.0,322.27891156462584,47,tgn:5,pytorch
0.4,0.29330598545590153,0.9987301587301587,0.4534447967714038,0.3085203430031016,0.46258503401360546,3790.0,322.27891156462584,47,tgn:5,pytorch
0.5,0.29330598545590153,0.9987301587301587,0.4534447967714038,0.3085203430031016,0.46258503401360546,3790.0,322.27891156462584,47,tgn:5,pytorch
0.6,0.29330598545590153,0.9987301587301587,0.4534447967714038,0.3085203430031016,0.46258503401360546,3790.0,322.27891156462584,47,tgn:5,pytorch
0.7,0.29330598545590153,0.9987301587301587,0.4534447967714038,0.3085203430031016,0.46258503401360546,3790.0,322.27891156462584,47,tgn:5,pytorch
0.8,0.29330598545590153,0.9987301587301587,0.4534447967714038,0.3085203430031016,0.46258503401360546,3790.0,322.27891156462584,47,tgn:5,pytorch
0.9,0.29330598545590153,0.9987301587301587,0.4534447967714038,0.3085203430031016,0.46258503401360546,3790.0,322.27891156462584,47,tgn:5,pytorch
